Start Day,Start Month,Year,End Month,End Day,Start Date (Temp),End Date (Temp),Start Date (String),End Date (String),FEDFUNDS
1,7,1954,7,31,7/1/1954,7/31/1954,7/1/1954,7/30/1954,0.8
1,8,1954,8,31,8/1/1954,8/31/1954,8/2/1954,8/31/1954,1.22
1,9,1954,9,30,9/1/1954,9/30/1954,9/1/1954,9/30/1954,1.07
1,10,1954,10,31,10/1/1954,10/31/1954,10/1/1954,10/29/1954,0.85
1,11,1954,11,30,11/1/1954,11/30/1954,11/1/1954,11/30/1954,0.83
1,12,1954,12,31,12/1/1954,12/31/1954,12/1/1954,12/31/1954,1.28
1,1,1955,1,31,1/1/1955,1/31/1955,1/3/1955,1/31/1955,1.39
1,2,1955,2,28,2/1/1955,2/28/1955,2/1/1955,2/28/1955,1.29
1,3,1955,3,31,3/1/1955,3/31/1955,3/1/1955,3/31/1955,1.35
1,4,1955,4,30,4/1/1955,4/30/1955,4/1/1955,4/29/1955,1.43
1,5,1955,5,31,5/1/1955,5/31/1955,5/2/1955,5/31/1955,1.43
1,6,1955,6,30,6/1/1955,6/30/1955,6/1/1955,6/30/1955,1.64
1,7,1955,7,31,7/1/1955,7/31/1955,7/1/1955,7/29/1955,1.68
1,8,1955,8,31,8/1/1955,8/31/1955,8/1/1955,8/31/1955,1.96
1,9,1955,9,30,9/1/1955,9/30/1955,9/1/1955,9/30/1955,2.18
1,10,1955,10,31,10/1/1955,10/31/1955,10/3/1955,10/31/1955,2.24
1,11,1955,11,30,11/1/1955,11/30/1955,11/1/1955,11/30/1955,2.35
1,12,1955,12,31,12/1/1955,12/31/1955,12/1/1955,12/30/1955,2.48
1,1,1956,1,31,1/1/1956,1/31/1956,1/2/1956,1/31/1956,2.45
1,2,1956,2,29,2/1/1956,2/29/1956,2/1/1956,2/29/1956,2.5
1,3,1956,3,31,3/1/1956,3/31/1956,3/1/1956,3/30/1956,2.5
1,4,1956,4,30,4/1/1956,4/30/1956,4/2/1956,4/30/1956,2.62
1,5,1956,5,31,5/1/1956,5/31/1956,5/1/1956,5/31/1956,2.75
1,6,1956,6,30,6/1/1956,6/30/1956,6/1/1956,6/29/1956,2.71
1,7,1956,7,31,7/1/1956,7/31/1956,7/2/1956,7/31/1956,2.75
1,8,1956,8,31,8/1/1956,8/31/1956,8/1/1956,8/31/1956,2.73
1,9,1956,9,30,9/1/1956,9/30/1956,9/3/1956,9/28/1956,2.95
1,10,1956,10,31,10/1/1956,10/31/1956,10/1/1956,10/31/1956,2.96
1,11,1956,11,30,11/1/1956,11/30/1956,11/1/1956,11/30/1956,2.88
1,12,1956,12,31,12/1/1956,12/31/1956,12/3/1956,12/31/1956,2.94
1,1,1957,1,31,1/1/1957,1/31/1957,1/1/1957,1/31/1957,2.84
1,2,1957,2,28,2/1/1957,2/28/1957,2/1/1957,2/28/1957,3
1,3,1957,3,31,3/1/1957,3/31/1957,3/1/1957,3/29/1957,2.96
1,4,1957,4,30,4/1/1957,4/30/1957,4/1/1957,4/30/1957,3
1,5,1957,5,31,5/1/1957,5/31/1957,5/1/1957,5/31/1957,3
1,6,1957,6,30,6/1/1957,6/30/1957,6/3/1957,6/28/1957,3
1,7,1957,7,31,7/1/1957,7/31/1957,7/1/1957,7/31/1957,2.99
1,8,1957,8,31,8/1/1957,8/31/1957,8/1/1957,8/30/1957,3.24
1,9,1957,9,30,9/1/1957,9/30/1957,9/2/1957,9/30/1957,3.47
1,10,1957,10,31,10/1/1957,10/31/1957,10/1/1957,10/31/1957,3.5
1,11,1957,11,30,11/1/1957,11/30/1957,11/1/1957,11/29/1957,3.28
1,12,1957,12,31,12/1/1957,12/31/1957,12/2/1957,12/31/1957,2.98
1,1,1958,1,31,1/1/1958,1/31/1958,1/1/1958,1/31/1958,2.72
1,2,1958,2,28,2/1/1958,2/28/1958,2/3/1958,2/28/1958,1.67
1,3,1958,3,31,3/1/1958,3/31/1958,3/3/1958,3/31/1958,1.2
1,4,1958,4,30,4/1/1958,4/30/1958,4/1/1958,4/30/1958,1.26
1,5,1958,5,31,5/1/1958,5/31/1958,5/1/1958,5/30/1958,0.63
1,6,1958,6,30,6/1/1958,6/30/1958,6/2/1958,6/30/1958,0.93
1,7,1958,7,31,7/1/1958,7/31/1958,7/1/1958,7/31/1958,0.68
1,8,1958,8,31,8/1/1958,8/31/1958,8/1/1958,8/29/1958,1.53
1,9,1958,9,30,9/1/1958,9/30/1958,9/1/1958,9/30/1958,1.76
1,10,1958,10,31,10/1/1958,10/31/1958,10/1/1958,10/31/1958,1.8
1,11,1958,11,30,11/1/1958,11/30/1958,11/3/1958,11/28/1958,2.27
1,12,1958,12,31,12/1/1958,12/31/1958,12/1/1958,12/31/1958,2.42
1,1,1959,1,31,1/1/1959,1/31/1959,1/1/1959,1/30/1959,2.48
1,2,1959,2,28,2/1/1959,2/28/1959,2/2/1959,2/27/1959,2.43
1,3,1959,3,31,3/1/1959,3/31/1959,3/2/1959,3/31/1959,2.8
1,4,1959,4,30,4/1/1959,4/30/1959,4/1/1959,4/30/1959,2.96
1,5,1959,5,31,5/1/1959,5/31/1959,5/1/1959,5/29/1959,2.9
1,6,1959,6,30,6/1/1959,6/30/1959,6/1/1959,6/30/1959,3.39
1,7,1959,7,31,7/1/1959,7/31/1959,7/1/1959,7/31/1959,3.47
1,8,1959,8,31,8/1/1959,8/31/1959,8/3/1959,8/31/1959,3.5
1,9,1959,9,30,9/1/1959,9/30/1959,9/1/1959,9/30/1959,3.76
1,10,1959,10,31,10/1/1959,10/31/1959,10/1/1959,10/30/1959,3.98
1,11,1959,11,30,11/1/1959,11/30/1959,11/2/1959,11/30/1959,4
1,12,1959,12,31,12/1/1959,12/31/1959,12/1/1959,12/31/1959,3.99
1,1,1960,1,31,1/1/1960,1/31/1960,1/1/1960,1/29/1960,3.99
1,2,1960,2,29,2/1/1960,2/29/1960,2/1/1960,2/29/1960,3.97
1,3,1960,3,31,3/1/1960,3/31/1960,3/1/1960,3/31/1960,3.84
1,4,1960,4,30,4/1/1960,4/30/1960,4/1/1960,4/29/1960,3.92
1,5,1960,5,31,5/1/1960,5/31/1960,5/2/1960,5/31/1960,3.85
1,6,1960,6,30,6/1/1960,6/30/1960,6/1/1960,6/30/1960,3.32
1,7,1960,7,31,7/1/1960,7/31/1960,7/1/1960,7/29/1960,3.23
1,8,1960,8,31,8/1/1960,8/31/1960,8/1/1960,8/31/1960,2.98
1,9,1960,9,30,9/1/1960,9/30/1960,9/1/1960,9/30/1960,2.6
1,10,1960,10,31,10/1/1960,10/31/1960,10/3/1960,10/31/1960,2.47
1,11,1960,11,30,11/1/1960,11/30/1960,11/1/1960,11/30/1960,2.44
1,12,1960,12,31,12/1/1960,12/31/1960,12/1/1960,12/30/1960,1.98
1,1,1961,1,31,1/1/1961,1/31/1961,1/2/1961,1/31/1961,1.45
1,2,1961,2,28,2/1/1961,2/28/1961,2/1/1961,2/28/1961,2.54
1,3,1961,3,31,3/1/1961,3/31/1961,3/1/1961,3/31/1961,2.02
1,4,1961,4,30,4/1/1961,4/30/1961,4/3/1961,4/28/1961,1.49
1,5,1961,5,31,5/1/1961,5/31/1961,5/1/1961,5/31/1961,1.98
1,6,1961,6,30,6/1/1961,6/30/1961,6/1/1961,6/30/1961,1.73
1,7,1961,7,31,7/1/1961,7/31/1961,7/3/1961,7/31/1961,1.17
1,8,1961,8,31,8/1/1961,8/31/1961,8/1/1961,8/31/1961,2
1,9,1961,9,30,9/1/1961,9/30/1961,9/1/1961,9/29/1961,1.88
1,10,1961,10,31,10/1/1961,10/31/1961,10/2/1961,10/31/1961,2.26
1,11,1961,11,30,11/1/1961,11/30/1961,11/1/1961,11/30/1961,2.61
1,12,1961,12,31,12/1/1961,12/31/1961,12/1/1961,12/29/1961,2.33
1,1,1962,1,31,1/1/1962,1/31/1962,1/1/1962,1/31/1962,2.15
1,2,1962,2,28,2/1/1962,2/28/1962,2/1/1962,2/28/1962,2.37
1,3,1962,3,31,3/1/1962,3/31/1962,3/1/1962,3/30/1962,2.85
1,4,1962,4,30,4/1/1962,4/30/1962,4/2/1962,4/30/1962,2.78
1,5,1962,5,31,5/1/1962,5/31/1962,5/1/1962,5/31/1962,2.36
1,6,1962,6,30,6/1/1962,6/30/1962,6/1/1962,6/29/1962,2.68
1,7,1962,7,31,7/1/1962,7/31/1962,7/2/1962,7/31/1962,2.71
1,8,1962,8,31,8/1/1962,8/31/1962,8/1/1962,8/31/1962,2.93
1,9,1962,9,30,9/1/1962,9/30/1962,9/3/1962,9/28/1962,2.9
1,10,1962,10,31,10/1/1962,10/31/1962,10/1/1962,10/31/1962,2.9
1,11,1962,11,30,11/1/1962,11/30/1962,11/1/1962,11/30/1962,2.94
1,12,1962,12,31,12/1/1962,12/31/1962,12/3/1962,12/31/1962,2.93
1,1,1963,1,31,1/1/1963,1/31/1963,1/1/1963,1/31/1963,2.92
1,2,1963,2,28,2/1/1963,2/28/1963,2/1/1963,2/28/1963,3
1,3,1963,3,31,3/1/1963,3/31/1963,3/1/1963,3/29/1963,2.98
1,4,1963,4,30,4/1/1963,4/30/1963,4/1/1963,4/30/1963,2.9
1,5,1963,5,31,5/1/1963,5/31/1963,5/1/1963,5/31/1963,3
1,6,1963,6,30,6/1/1963,6/30/1963,6/3/1963,6/28/1963,2.99
1,7,1963,7,31,7/1/1963,7/31/1963,7/1/1963,7/31/1963,3.02
1,8,1963,8,31,8/1/1963,8/31/1963,8/1/1963,8/30/1963,3.49
1,9,1963,9,30,9/1/1963,9/30/1963,9/2/1963,9/30/1963,3.48
1,10,1963,10,31,10/1/1963,10/31/1963,10/1/1963,10/31/1963,3.5
1,11,1963,11,30,11/1/1963,11/30/1963,11/1/1963,11/29/1963,3.48
1,12,1963,12,31,12/1/1963,12/31/1963,12/2/1963,12/31/1963,3.38
1,1,1964,1,31,1/1/1964,1/31/1964,1/1/1964,1/31/1964,3.48
1,2,1964,2,29,2/1/1964,2/29/1964,2/3/1964,2/28/1964,3.48
1,3,1964,3,31,3/1/1964,3/31/1964,3/2/1964,3/31/1964,3.43
1,4,1964,4,30,4/1/1964,4/30/1964,4/1/1964,4/30/1964,3.47
1,5,1964,5,31,5/1/1964,5/31/1964,5/1/1964,5/29/1964,3.5
1,6,1964,6,30,6/1/1964,6/30/1964,6/1/1964,6/30/1964,3.5
1,7,1964,7,31,7/1/1964,7/31/1964,7/1/1964,7/31/1964,3.42
1,8,1964,8,31,8/1/1964,8/31/1964,8/3/1964,8/31/1964,3.5
1,9,1964,9,30,9/1/1964,9/30/1964,9/1/1964,9/30/1964,3.45
1,10,1964,10,31,10/1/1964,10/31/1964,10/1/1964,10/30/1964,3.36
1,11,1964,11,30,11/1/1964,11/30/1964,11/2/1964,11/30/1964,3.52
1,12,1964,12,31,12/1/1964,12/31/1964,12/1/1964,12/31/1964,3.85
1,1,1965,1,31,1/1/1965,1/31/1965,1/1/1965,1/29/1965,3.9
1,2,1965,2,28,2/1/1965,2/28/1965,2/1/1965,2/26/1965,3.98
1,3,1965,3,31,3/1/1965,3/31/1965,3/1/1965,3/31/1965,4.05
1,4,1965,4,30,4/1/1965,4/30/1965,4/1/1965,4/30/1965,4.09
1,5,1965,5,31,5/1/1965,5/31/1965,5/3/1965,5/31/1965,4.1
1,6,1965,6,30,6/1/1965,6/30/1965,6/1/1965,6/30/1965,4.05
1,7,1965,7,31,7/1/1965,7/31/1965,7/1/1965,7/30/1965,4.09
1,8,1965,8,31,8/1/1965,8/31/1965,8/2/1965,8/31/1965,4.12
1,9,1965,9,30,9/1/1965,9/30/1965,9/1/1965,9/30/1965,4.02
1,10,1965,10,31,10/1/1965,10/31/1965,10/1/1965,10/29/1965,4.08
1,11,1965,11,30,11/1/1965,11/30/1965,11/1/1965,11/30/1965,4.1
1,12,1965,12,31,12/1/1965,12/31/1965,12/1/1965,12/31/1965,4.32
1,1,1966,1,31,1/1/1966,1/31/1966,1/3/1966,1/31/1966,4.42
1,2,1966,2,28,2/1/1966,2/28/1966,2/1/1966,2/28/1966,4.6
1,3,1966,3,31,3/1/1966,3/31/1966,3/1/1966,3/31/1966,4.66
1,4,1966,4,30,4/1/1966,4/30/1966,4/1/1966,4/29/1966,4.67
1,5,1966,5,31,5/1/1966,5/31/1966,5/2/1966,5/31/1966,4.9
1,6,1966,6,30,6/1/1966,6/30/1966,6/1/1966,6/30/1966,5.17
1,7,1966,7,31,7/1/1966,7/31/1966,7/1/1966,7/29/1966,5.3
1,8,1966,8,31,8/1/1966,8/31/1966,8/1/1966,8/31/1966,5.53
1,9,1966,9,30,9/1/1966,9/30/1966,9/1/1966,9/30/1966,5.4
1,10,1966,10,31,10/1/1966,10/31/1966,10/3/1966,10/31/1966,5.53
1,11,1966,11,30,11/1/1966,11/30/1966,11/1/1966,11/30/1966,5.76
1,12,1966,12,31,12/1/1966,12/31/1966,12/1/1966,12/30/1966,5.4
1,1,1967,1,31,1/1/1967,1/31/1967,1/2/1967,1/31/1967,4.94
1,2,1967,2,28,2/1/1967,2/28/1967,2/1/1967,2/28/1967,5
1,3,1967,3,31,3/1/1967,3/31/1967,3/1/1967,3/31/1967,4.53
1,4,1967,4,30,4/1/1967,4/30/1967,4/3/1967,4/28/1967,4.05
1,5,1967,5,31,5/1/1967,5/31/1967,5/1/1967,5/31/1967,3.94
1,6,1967,6,30,6/1/1967,6/30/1967,6/1/1967,6/30/1967,3.98
1,7,1967,7,31,7/1/1967,7/31/1967,7/3/1967,7/31/1967,3.79
1,8,1967,8,31,8/1/1967,8/31/1967,8/1/1967,8/31/1967,3.9
1,9,1967,9,30,9/1/1967,9/30/1967,9/1/1967,9/29/1967,3.99
1,10,1967,10,31,10/1/1967,10/31/1967,10/2/1967,10/31/1967,3.88
1,11,1967,11,30,11/1/1967,11/30/1967,11/1/1967,11/30/1967,4.13
1,12,1967,12,31,12/1/1967,12/31/1967,12/1/1967,12/29/1967,4.51
1,1,1968,1,31,1/1/1968,1/31/1968,1/1/1968,1/31/1968,4.61
1,2,1968,2,29,2/1/1968,2/29/1968,2/1/1968,2/29/1968,4.71
1,3,1968,3,31,3/1/1968,3/31/1968,3/1/1968,3/29/1968,5.05
1,4,1968,4,30,4/1/1968,4/30/1968,4/1/1968,4/30/1968,5.76
1,5,1968,5,31,5/1/1968,5/31/1968,5/1/1968,5/31/1968,6.12
1,6,1968,6,30,6/1/1968,6/30/1968,6/3/1968,6/28/1968,6.07
1,7,1968,7,31,7/1/1968,7/31/1968,7/1/1968,7/31/1968,6.03
1,8,1968,8,31,8/1/1968,8/31/1968,8/1/1968,8/30/1968,6.03
1,9,1968,9,30,9/1/1968,9/30/1968,9/2/1968,9/30/1968,5.78
1,10,1968,10,31,10/1/1968,10/31/1968,10/1/1968,10/31/1968,5.91
1,11,1968,11,30,11/1/1968,11/30/1968,11/1/1968,11/29/1968,5.82
1,12,1968,12,31,12/1/1968,12/31/1968,12/2/1968,12/31/1968,6.02
1,1,1969,1,31,1/1/1969,1/31/1969,1/1/1969,1/31/1969,6.3
1,2,1969,2,28,2/1/1969,2/28/1969,2/3/1969,2/28/1969,6.61
1,3,1969,3,31,3/1/1969,3/31/1969,3/3/1969,3/31/1969,6.79
1,4,1969,4,30,4/1/1969,4/30/1969,4/1/1969,4/30/1969,7.41
1,5,1969,5,31,5/1/1969,5/31/1969,5/1/1969,5/30/1969,8.67
1,6,1969,6,30,6/1/1969,6/30/1969,6/2/1969,6/30/1969,8.9
1,7,1969,7,31,7/1/1969,7/31/1969,7/1/1969,7/31/1969,8.61
1,8,1969,8,31,8/1/1969,8/31/1969,8/1/1969,8/29/1969,9.19
1,9,1969,9,30,9/1/1969,9/30/1969,9/1/1969,9/30/1969,9.15
1,10,1969,10,31,10/1/1969,10/31/1969,10/1/1969,10/31/1969,9
1,11,1969,11,30,11/1/1969,11/30/1969,11/3/1969,11/28/1969,8.85
1,12,1969,12,31,12/1/1969,12/31/1969,12/1/1969,12/31/1969,8.97
1,1,1970,1,31,1/1/1970,1/31/1970,1/1/1970,1/30/1970,8.98
1,2,1970,2,28,2/1/1970,2/28/1970,2/2/1970,2/27/1970,8.98
1,3,1970,3,31,3/1/1970,3/31/1970,3/2/1970,3/31/1970,7.76
1,4,1970,4,30,4/1/1970,4/30/1970,4/1/1970,4/30/1970,8.1
1,5,1970,5,31,5/1/1970,5/31/1970,5/1/1970,5/29/1970,7.95
1,6,1970,6,30,6/1/1970,6/30/1970,6/1/1970,6/30/1970,7.61
1,7,1970,7,31,7/1/1970,7/31/1970,7/1/1970,7/31/1970,7.21
1,8,1970,8,31,8/1/1970,8/31/1970,8/3/1970,8/31/1970,6.62
1,9,1970,9,30,9/1/1970,9/30/1970,9/1/1970,9/30/1970,6.29
1,10,1970,10,31,10/1/1970,10/31/1970,10/1/1970,10/30/1970,6.2
1,11,1970,11,30,11/1/1970,11/30/1970,11/2/1970,11/30/1970,5.6
1,12,1970,12,31,12/1/1970,12/31/1970,12/1/1970,12/31/1970,4.9
1,1,1971,1,31,1/1/1971,1/31/1971,1/1/1971,1/29/1971,4.14
1,2,1971,2,28,2/1/1971,2/28/1971,2/1/1971,2/26/1971,3.72
1,3,1971,3,31,3/1/1971,3/31/1971,3/1/1971,3/31/1971,3.71
1,4,1971,4,30,4/1/1971,4/30/1971,4/1/1971,4/30/1971,4.16
1,5,1971,5,31,5/1/1971,5/31/1971,5/3/1971,5/31/1971,4.63
1,6,1971,6,30,6/1/1971,6/30/1971,6/1/1971,6/30/1971,4.91
1,7,1971,7,31,7/1/1971,7/31/1971,7/1/1971,7/30/1971,5.31
1,8,1971,8,31,8/1/1971,8/31/1971,8/2/1971,8/31/1971,5.57
1,9,1971,9,30,9/1/1971,9/30/1971,9/1/1971,9/30/1971,5.55
1,10,1971,10,31,10/1/1971,10/31/1971,10/1/1971,10/29/1971,5.2
1,11,1971,11,30,11/1/1971,11/30/1971,11/1/1971,11/30/1971,4.91
1,12,1971,12,31,12/1/1971,12/31/1971,12/1/1971,12/31/1971,4.14
1,1,1972,1,31,1/1/1972,1/31/1972,1/3/1972,1/31/1972,3.51
1,2,1972,2,29,2/1/1972,2/29/1972,2/1/1972,2/29/1972,3.3
1,3,1972,3,31,3/1/1972,3/31/1972,3/1/1972,3/31/1972,3.83
1,4,1972,4,30,4/1/1972,4/30/1972,4/3/1972,4/28/1972,4.17
1,5,1972,5,31,5/1/1972,5/31/1972,5/1/1972,5/31/1972,4.27
1,6,1972,6,30,6/1/1972,6/30/1972,6/1/1972,6/30/1972,4.46
1,7,1972,7,31,7/1/1972,7/31/1972,7/3/1972,7/31/1972,4.55
1,8,1972,8,31,8/1/1972,8/31/1972,8/1/1972,8/31/1972,4.81
1,9,1972,9,30,9/1/1972,9/30/1972,9/1/1972,9/29/1972,4.87
1,10,1972,10,31,10/1/1972,10/31/1972,10/2/1972,10/31/1972,5.05
1,11,1972,11,30,11/1/1972,11/30/1972,11/1/1972,11/30/1972,5.06
1,12,1972,12,31,12/1/1972,12/31/1972,12/1/1972,12/29/1972,5.33
1,1,1973,1,31,1/1/1973,1/31/1973,1/1/1973,1/31/1973,5.94
1,2,1973,2,28,2/1/1973,2/28/1973,2/1/1973,2/28/1973,6.58
1,3,1973,3,31,3/1/1973,3/31/1973,3/1/1973,3/30/1973,7.09
1,4,1973,4,30,4/1/1973,4/30/1973,4/2/1973,4/30/1973,7.12
1,5,1973,5,31,5/1/1973,5/31/1973,5/1/1973,5/31/1973,7.84
1,6,1973,6,30,6/1/1973,6/30/1973,6/1/1973,6/29/1973,8.49
1,7,1973,7,31,7/1/1973,7/31/1973,7/2/1973,7/31/1973,10.4
1,8,1973,8,31,8/1/1973,8/31/1973,8/1/1973,8/31/1973,10.5
1,9,1973,9,30,9/1/1973,9/30/1973,9/3/1973,9/28/1973,10.78
1,10,1973,10,31,10/1/1973,10/31/1973,10/1/1973,10/31/1973,10.01
1,11,1973,11,30,11/1/1973,11/30/1973,11/1/1973,11/30/1973,10.03
1,12,1973,12,31,12/1/1973,12/31/1973,12/3/1973,12/31/1973,9.95
1,1,1974,1,31,1/1/1974,1/31/1974,1/1/1974,1/31/1974,9.65
1,2,1974,2,28,2/1/1974,2/28/1974,2/1/1974,2/28/1974,8.97
1,3,1974,3,31,3/1/1974,3/31/1974,3/1/1974,3/29/1974,9.35
1,4,1974,4,30,4/1/1974,4/30/1974,4/1/1974,4/30/1974,10.51
1,5,1974,5,31,5/1/1974,5/31/1974,5/1/1974,5/31/1974,11.31
1,6,1974,6,30,6/1/1974,6/30/1974,6/3/1974,6/28/1974,11.93
1,7,1974,7,31,7/1/1974,7/31/1974,7/1/1974,7/31/1974,12.92
1,8,1974,8,31,8/1/1974,8/31/1974,8/1/1974,8/30/1974,12.01
1,9,1974,9,30,9/1/1974,9/30/1974,9/2/1974,9/30/1974,11.34
1,10,1974,10,31,10/1/1974,10/31/1974,10/1/1974,10/31/1974,10.06
1,11,1974,11,30,11/1/1974,11/30/1974,11/1/1974,11/29/1974,9.45
1,12,1974,12,31,12/1/1974,12/31/1974,12/2/1974,12/31/1974,8.53
1,1,1975,1,31,1/1/1975,1/31/1975,1/1/1975,1/31/1975,7.13
1,2,1975,2,28,2/1/1975,2/28/1975,2/3/1975,2/28/1975,6.24
1,3,1975,3,31,3/1/1975,3/31/1975,3/3/1975,3/31/1975,5.54
1,4,1975,4,30,4/1/1975,4/30/1975,4/1/1975,4/30/1975,5.49
1,5,1975,5,31,5/1/1975,5/31/1975,5/1/1975,5/30/1975,5.22
1,6,1975,6,30,6/1/1975,6/30/1975,6/2/1975,6/30/1975,5.55
1,7,1975,7,31,7/1/1975,7/31/1975,7/1/1975,7/31/1975,6.1
1,8,1975,8,31,8/1/1975,8/31/1975,8/1/1975,8/29/1975,6.14
1,9,1975,9,30,9/1/1975,9/30/1975,9/1/1975,9/30/1975,6.24
1,10,1975,10,31,10/1/1975,10/31/1975,10/1/1975,10/31/1975,5.82
1,11,1975,11,30,11/1/1975,11/30/1975,11/3/1975,11/28/1975,5.22
1,12,1975,12,31,12/1/1975,12/31/1975,12/1/1975,12/31/1975,5.2
1,1,1976,1,31,1/1/1976,1/31/1976,1/1/1976,1/30/1976,4.87
1,2,1976,2,29,2/1/1976,2/29/1976,2/2/1976,2/27/1976,4.77
1,3,1976,3,31,3/1/1976,3/31/1976,3/1/1976,3/31/1976,4.84
1,4,1976,4,30,4/1/1976,4/30/1976,4/1/1976,4/30/1976,4.82
1,5,1976,5,31,5/1/1976,5/31/1976,5/3/1976,5/31/1976,5.29
1,6,1976,6,30,6/1/1976,6/30/1976,6/1/1976,6/30/1976,5.48
1,7,1976,7,31,7/1/1976,7/31/1976,7/1/1976,7/30/1976,5.31
1,8,1976,8,31,8/1/1976,8/31/1976,8/2/1976,8/31/1976,5.29
1,9,1976,9,30,9/1/1976,9/30/1976,9/1/1976,9/30/1976,5.25
1,10,1976,10,31,10/1/1976,10/31/1976,10/1/1976,10/29/1976,5.02
1,11,1976,11,30,11/1/1976,11/30/1976,11/1/1976,11/30/1976,4.95
1,12,1976,12,31,12/1/1976,12/31/1976,12/1/1976,12/31/1976,4.65
1,1,1977,1,31,1/1/1977,1/31/1977,1/3/1977,1/31/1977,4.61
1,2,1977,2,28,2/1/1977,2/28/1977,2/1/1977,2/28/1977,4.68
1,3,1977,3,31,3/1/1977,3/31/1977,3/1/1977,3/31/1977,4.69
1,4,1977,4,30,4/1/1977,4/30/1977,4/1/1977,4/29/1977,4.73
1,5,1977,5,31,5/1/1977,5/31/1977,5/2/1977,5/31/1977,5.35
1,6,1977,6,30,6/1/1977,6/30/1977,6/1/1977,6/30/1977,5.39
1,7,1977,7,31,7/1/1977,7/31/1977,7/1/1977,7/29/1977,5.42
1,8,1977,8,31,8/1/1977,8/31/1977,8/1/1977,8/31/1977,5.9
1,9,1977,9,30,9/1/1977,9/30/1977,9/1/1977,9/30/1977,6.14
1,10,1977,10,31,10/1/1977,10/31/1977,10/3/1977,10/31/1977,6.47
1,11,1977,11,30,11/1/1977,11/30/1977,11/1/1977,11/30/1977,6.51
1,12,1977,12,31,12/1/1977,12/31/1977,12/1/1977,12/30/1977,6.56
1,1,1978,1,31,1/1/1978,1/31/1978,1/2/1978,1/31/1978,6.7
1,2,1978,2,28,2/1/1978,2/28/1978,2/1/1978,2/28/1978,6.78
1,3,1978,3,31,3/1/1978,3/31/1978,3/1/1978,3/31/1978,6.79
1,4,1978,4,30,4/1/1978,4/30/1978,4/3/1978,4/28/1978,6.89
1,5,1978,5,31,5/1/1978,5/31/1978,5/1/1978,5/31/1978,7.36
1,6,1978,6,30,6/1/1978,6/30/1978,6/1/1978,6/30/1978,7.6
1,7,1978,7,31,7/1/1978,7/31/1978,7/3/1978,7/31/1978,7.81
1,8,1978,8,31,8/1/1978,8/31/1978,8/1/1978,8/31/1978,8.04
1,9,1978,9,30,9/1/1978,9/30/1978,9/1/1978,9/29/1978,8.45
1,10,1978,10,31,10/1/1978,10/31/1978,10/2/1978,10/31/1978,8.96
1,11,1978,11,30,11/1/1978,11/30/1978,11/1/1978,11/30/1978,9.76
1,12,1978,12,31,12/1/1978,12/31/1978,12/1/1978,12/29/1978,10.03
1,1,1979,1,31,1/1/1979,1/31/1979,1/1/1979,1/31/1979,10.07
1,2,1979,2,28,2/1/1979,2/28/1979,2/1/1979,2/28/1979,10.06
1,3,1979,3,31,3/1/1979,3/31/1979,3/1/1979,3/30/1979,10.09
1,4,1979,4,30,4/1/1979,4/30/1979,4/2/1979,4/30/1979,10.01
1,5,1979,5,31,5/1/1979,5/31/1979,5/1/1979,5/31/1979,10.24
1,6,1979,6,30,6/1/1979,6/30/1979,6/1/1979,6/29/1979,10.29
1,7,1979,7,31,7/1/1979,7/31/1979,7/2/1979,7/31/1979,10.47
1,8,1979,8,31,8/1/1979,8/31/1979,8/1/1979,8/31/1979,10.94
1,9,1979,9,30,9/1/1979,9/30/1979,9/3/1979,9/28/1979,11.43
1,10,1979,10,31,10/1/1979,10/31/1979,10/1/1979,10/31/1979,13.77
1,11,1979,11,30,11/1/1979,11/30/1979,11/1/1979,11/30/1979,13.18
1,12,1979,12,31,12/1/1979,12/31/1979,12/3/1979,12/31/1979,13.78
1,1,1980,1,31,1/1/1980,1/31/1980,1/1/1980,1/31/1980,13.82
1,2,1980,2,29,2/1/1980,2/29/1980,2/1/1980,2/29/1980,14.13
1,3,1980,3,31,3/1/1980,3/31/1980,3/3/1980,3/31/1980,17.19
1,4,1980,4,30,4/1/1980,4/30/1980,4/1/1980,4/30/1980,17.61
1,5,1980,5,31,5/1/1980,5/31/1980,5/1/1980,5/30/1980,10.98
1,6,1980,6,30,6/1/1980,6/30/1980,6/2/1980,6/30/1980,9.47
1,7,1980,7,31,7/1/1980,7/31/1980,7/1/1980,7/31/1980,9.03
1,8,1980,8,31,8/1/1980,8/31/1980,8/1/1980,8/29/1980,9.61
1,9,1980,9,30,9/1/1980,9/30/1980,9/1/1980,9/30/1980,10.87
1,10,1980,10,31,10/1/1980,10/31/1980,10/1/1980,10/31/1980,12.81
1,11,1980,11,30,11/1/1980,11/30/1980,11/3/1980,11/28/1980,15.85
1,12,1980,12,31,12/1/1980,12/31/1980,12/1/1980,12/31/1980,18.9
1,1,1981,1,31,1/1/1981,1/31/1981,1/1/1981,1/30/1981,19.08
1,2,1981,2,28,2/1/1981,2/28/1981,2/2/1981,2/27/1981,15.93
1,3,1981,3,31,3/1/1981,3/31/1981,3/2/1981,3/31/1981,14.7
1,4,1981,4,30,4/1/1981,4/30/1981,4/1/1981,4/30/1981,15.72
1,5,1981,5,31,5/1/1981,5/31/1981,5/1/1981,5/29/1981,18.52
1,6,1981,6,30,6/1/1981,6/30/1981,6/1/1981,6/30/1981,19.1
1,7,1981,7,31,7/1/1981,7/31/1981,7/1/1981,7/31/1981,19.04
1,8,1981,8,31,8/1/1981,8/31/1981,8/3/1981,8/31/1981,17.82
1,9,1981,9,30,9/1/1981,9/30/1981,9/1/1981,9/30/1981,15.87
1,10,1981,10,31,10/1/1981,10/31/1981,10/1/1981,10/30/1981,15.08
1,11,1981,11,30,11/1/1981,11/30/1981,11/2/1981,11/30/1981,13.31
1,12,1981,12,31,12/1/1981,12/31/1981,12/1/1981,12/31/1981,12.37
1,1,1982,1,31,1/1/1982,1/31/1982,1/1/1982,1/29/1982,13.22
1,2,1982,2,28,2/1/1982,2/28/1982,2/1/1982,2/26/1982,14.78
1,3,1982,3,31,3/1/1982,3/31/1982,3/1/1982,3/31/1982,14.68
1,4,1982,4,30,4/1/1982,4/30/1982,4/1/1982,4/30/1982,14.94
1,5,1982,5,31,5/1/1982,5/31/1982,5/3/1982,5/31/1982,14.45
1,6,1982,6,30,6/1/1982,6/30/1982,6/1/1982,6/30/1982,14.15
1,7,1982,7,31,7/1/1982,7/31/1982,7/1/1982,7/30/1982,12.59
1,8,1982,8,31,8/1/1982,8/31/1982,8/2/1982,8/31/1982,10.12
1,9,1982,9,30,9/1/1982,9/30/1982,9/1/1982,9/30/1982,10.31
1,10,1982,10,31,10/1/1982,10/31/1982,10/1/1982,10/29/1982,9.71
1,11,1982,11,30,11/1/1982,11/30/1982,11/1/1982,11/30/1982,9.2
1,12,1982,12,31,12/1/1982,12/31/1982,12/1/1982,12/31/1982,8.95
1,1,1983,1,31,1/1/1983,1/31/1983,1/3/1983,1/31/1983,8.68
1,2,1983,2,28,2/1/1983,2/28/1983,2/1/1983,2/28/1983,8.51
1,3,1983,3,31,3/1/1983,3/31/1983,3/1/1983,3/31/1983,8.77
1,4,1983,4,30,4/1/1983,4/30/1983,4/1/1983,4/29/1983,8.8
1,5,1983,5,31,5/1/1983,5/31/1983,5/2/1983,5/31/1983,8.63
1,6,1983,6,30,6/1/1983,6/30/1983,6/1/1983,6/30/1983,8.98
1,7,1983,7,31,7/1/1983,7/31/1983,7/1/1983,7/29/1983,9.37
1,8,1983,8,31,8/1/1983,8/31/1983,8/1/1983,8/31/1983,9.56
1,9,1983,9,30,9/1/1983,9/30/1983,9/1/1983,9/30/1983,9.45
1,10,1983,10,31,10/1/1983,10/31/1983,10/3/1983,10/31/1983,9.48
1,11,1983,11,30,11/1/1983,11/30/1983,11/1/1983,11/30/1983,9.34
1,12,1983,12,31,12/1/1983,12/31/1983,12/1/1983,12/30/1983,9.47
1,1,1984,1,31,1/1/1984,1/31/1984,1/2/1984,1/31/1984,9.56
1,2,1984,2,29,2/1/1984,2/29/1984,2/1/1984,2/29/1984,9.59
1,3,1984,3,31,3/1/1984,3/31/1984,3/1/1984,3/30/1984,9.91
1,4,1984,4,30,4/1/1984,4/30/1984,4/2/1984,4/30/1984,10.29
1,5,1984,5,31,5/1/1984,5/31/1984,5/1/1984,5/31/1984,10.32
1,6,1984,6,30,6/1/1984,6/30/1984,6/1/1984,6/29/1984,11.06
1,7,1984,7,31,7/1/1984,7/31/1984,7/2/1984,7/31/1984,11.23
1,8,1984,8,31,8/1/1984,8/31/1984,8/1/1984,8/31/1984,11.64
1,9,1984,9,30,9/1/1984,9/30/1984,9/3/1984,9/28/1984,11.3
1,10,1984,10,31,10/1/1984,10/31/1984,10/1/1984,10/31/1984,9.99
1,11,1984,11,30,11/1/1984,11/30/1984,11/1/1984,11/30/1984,9.43
1,12,1984,12,31,12/1/1984,12/31/1984,12/3/1984,12/31/1984,8.38
1,1,1985,1,31,1/1/1985,1/31/1985,1/1/1985,1/31/1985,8.35
1,2,1985,2,28,2/1/1985,2/28/1985,2/1/1985,2/28/1985,8.5
1,3,1985,3,31,3/1/1985,3/31/1985,3/1/1985,3/29/1985,8.58
1,4,1985,4,30,4/1/1985,4/30/1985,4/1/1985,4/30/1985,8.27
1,5,1985,5,31,5/1/1985,5/31/1985,5/1/1985,5/31/1985,7.97
1,6,1985,6,30,6/1/1985,6/30/1985,6/3/1985,6/28/1985,7.53
1,7,1985,7,31,7/1/1985,7/31/1985,7/1/1985,7/31/1985,7.88
1,8,1985,8,31,8/1/1985,8/31/1985,8/1/1985,8/30/1985,7.9
1,9,1985,9,30,9/1/1985,9/30/1985,9/2/1985,9/30/1985,7.92
1,10,1985,10,31,10/1/1985,10/31/1985,10/1/1985,10/31/1985,7.99
1,11,1985,11,30,11/1/1985,11/30/1985,11/1/1985,11/29/1985,8.05
1,12,1985,12,31,12/1/1985,12/31/1985,12/2/1985,12/31/1985,8.27
1,1,1986,1,31,1/1/1986,1/31/1986,1/1/1986,1/31/1986,8.14
1,2,1986,2,28,2/1/1986,2/28/1986,2/3/1986,2/28/1986,7.86
1,3,1986,3,31,3/1/1986,3/31/1986,3/3/1986,3/31/1986,7.48
1,4,1986,4,30,4/1/1986,4/30/1986,4/1/1986,4/30/1986,6.99
1,5,1986,5,31,5/1/1986,5/31/1986,5/1/1986,5/30/1986,6.85
1,6,1986,6,30,6/1/1986,6/30/1986,6/2/1986,6/30/1986,6.92
1,7,1986,7,31,7/1/1986,7/31/1986,7/1/1986,7/31/1986,6.56
1,8,1986,8,31,8/1/1986,8/31/1986,8/1/1986,8/29/1986,6.17
1,9,1986,9,30,9/1/1986,9/30/1986,9/1/1986,9/30/1986,5.89
1,10,1986,10,31,10/1/1986,10/31/1986,10/1/1986,10/31/1986,5.85
1,11,1986,11,30,11/1/1986,11/30/1986,11/3/1986,11/28/1986,6.04
1,12,1986,12,31,12/1/1986,12/31/1986,12/1/1986,12/31/1986,6.91
1,1,1987,1,31,1/1/1987,1/31/1987,1/1/1987,1/30/1987,6.43
1,2,1987,2,28,2/1/1987,2/28/1987,2/2/1987,2/27/1987,6.1
1,3,1987,3,31,3/1/1987,3/31/1987,3/2/1987,3/31/1987,6.13
1,4,1987,4,30,4/1/1987,4/30/1987,4/1/1987,4/30/1987,6.37
1,5,1987,5,31,5/1/1987,5/31/1987,5/1/1987,5/29/1987,6.85
1,6,1987,6,30,6/1/1987,6/30/1987,6/1/1987,6/30/1987,6.73
1,7,1987,7,31,7/1/1987,7/31/1987,7/1/1987,7/31/1987,6.58
1,8,1987,8,31,8/1/1987,8/31/1987,8/3/1987,8/31/1987,6.73
1,9,1987,9,30,9/1/1987,9/30/1987,9/1/1987,9/30/1987,7.22
1,10,1987,10,31,10/1/1987,10/31/1987,10/1/1987,10/30/1987,7.29
1,11,1987,11,30,11/1/1987,11/30/1987,11/2/1987,11/30/1987,6.69
1,12,1987,12,31,12/1/1987,12/31/1987,12/1/1987,12/31/1987,6.77
1,1,1988,1,31,1/1/1988,1/31/1988,1/1/1988,1/29/1988,6.83
1,2,1988,2,29,2/1/1988,2/29/1988,2/1/1988,2/29/1988,6.58
1,3,1988,3,31,3/1/1988,3/31/1988,3/1/1988,3/31/1988,6.58
1,4,1988,4,30,4/1/1988,4/30/1988,4/1/1988,4/29/1988,6.87
1,5,1988,5,31,5/1/1988,5/31/1988,5/2/1988,5/31/1988,7.09
1,6,1988,6,30,6/1/1988,6/30/1988,6/1/1988,6/30/1988,7.51
1,7,1988,7,31,7/1/1988,7/31/1988,7/1/1988,7/29/1988,7.75
1,8,1988,8,31,8/1/1988,8/31/1988,8/1/1988,8/31/1988,8.01
1,9,1988,9,30,9/1/1988,9/30/1988,9/1/1988,9/30/1988,8.19
1,10,1988,10,31,10/1/1988,10/31/1988,10/3/1988,10/31/1988,8.3
1,11,1988,11,30,11/1/1988,11/30/1988,11/1/1988,11/30/1988,8.35
1,12,1988,12,31,12/1/1988,12/31/1988,12/1/1988,12/30/1988,8.76
1,1,1989,1,31,1/1/1989,1/31/1989,1/2/1989,1/31/1989,9.12
1,2,1989,2,28,2/1/1989,2/28/1989,2/1/1989,2/28/1989,9.36
1,3,1989,3,31,3/1/1989,3/31/1989,3/1/1989,3/31/1989,9.85
1,4,1989,4,30,4/1/1989,4/30/1989,4/3/1989,4/28/1989,9.84
1,5,1989,5,31,5/1/1989,5/31/1989,5/1/1989,5/31/1989,9.81
1,6,1989,6,30,6/1/1989,6/30/1989,6/1/1989,6/30/1989,9.53
1,7,1989,7,31,7/1/1989,7/31/1989,7/3/1989,7/31/1989,9.24
1,8,1989,8,31,8/1/1989,8/31/1989,8/1/1989,8/31/1989,8.99
1,9,1989,9,30,9/1/1989,9/30/1989,9/1/1989,9/29/1989,9.02
1,10,1989,10,31,10/1/1989,10/31/1989,10/2/1989,10/31/1989,8.84
1,11,1989,11,30,11/1/1989,11/30/1989,11/1/1989,11/30/1989,8.55
1,12,1989,12,31,12/1/1989,12/31/1989,12/1/1989,12/29/1989,8.45
1,1,1990,1,31,1/1/1990,1/31/1990,1/1/1990,1/31/1990,8.23
1,2,1990,2,28,2/1/1990,2/28/1990,2/1/1990,2/28/1990,8.24
1,3,1990,3,31,3/1/1990,3/31/1990,3/1/1990,3/30/1990,8.28
1,4,1990,4,30,4/1/1990,4/30/1990,4/2/1990,4/30/1990,8.26
1,5,1990,5,31,5/1/1990,5/31/1990,5/1/1990,5/31/1990,8.18
1,6,1990,6,30,6/1/1990,6/30/1990,6/1/1990,6/29/1990,8.29
1,7,1990,7,31,7/1/1990,7/31/1990,7/2/1990,7/31/1990,8.15
1,8,1990,8,31,8/1/1990,8/31/1990,8/1/1990,8/31/1990,8.13
1,9,1990,9,30,9/1/1990,9/30/1990,9/3/1990,9/28/1990,8.2
1,10,1990,10,31,10/1/1990,10/31/1990,10/1/1990,10/31/1990,8.11
1,11,1990,11,30,11/1/1990,11/30/1990,11/1/1990,11/30/1990,7.81
1,12,1990,12,31,12/1/1990,12/31/1990,12/3/1990,12/31/1990,7.31
1,1,1991,1,31,1/1/1991,1/31/1991,1/1/1991,1/31/1991,6.91
1,2,1991,2,28,2/1/1991,2/28/1991,2/1/1991,2/28/1991,6.25
1,3,1991,3,31,3/1/1991,3/31/1991,3/1/1991,3/29/1991,6.12
1,4,1991,4,30,4/1/1991,4/30/1991,4/1/1991,4/30/1991,5.91
1,5,1991,5,31,5/1/1991,5/31/1991,5/1/1991,5/31/1991,5.78
1,6,1991,6,30,6/1/1991,6/30/1991,6/3/1991,6/28/1991,5.9
1,7,1991,7,31,7/1/1991,7/31/1991,7/1/1991,7/31/1991,5.82
1,8,1991,8,31,8/1/1991,8/31/1991,8/1/1991,8/30/1991,5.66
1,9,1991,9,30,9/1/1991,9/30/1991,9/2/1991,9/30/1991,5.45
1,10,1991,10,31,10/1/1991,10/31/1991,10/1/1991,10/31/1991,5.21
1,11,1991,11,30,11/1/1991,11/30/1991,11/1/1991,11/29/1991,4.81
1,12,1991,12,31,12/1/1991,12/31/1991,12/2/1991,12/31/1991,4.43
1,1,1992,1,31,1/1/1992,1/31/1992,1/1/1992,1/31/1992,4.03
1,2,1992,2,29,2/1/1992,2/29/1992,2/3/1992,2/28/1992,4.06
1,3,1992,3,31,3/1/1992,3/31/1992,3/2/1992,3/31/1992,3.98
1,4,1992,4,30,4/1/1992,4/30/1992,4/1/1992,4/30/1992,3.73
1,5,1992,5,31,5/1/1992,5/31/1992,5/1/1992,5/29/1992,3.82
1,6,1992,6,30,6/1/1992,6/30/1992,6/1/1992,6/30/1992,3.76
1,7,1992,7,31,7/1/1992,7/31/1992,7/1/1992,7/31/1992,3.25
1,8,1992,8,31,8/1/1992,8/31/1992,8/3/1992,8/31/1992,3.3
1,9,1992,9,30,9/1/1992,9/30/1992,9/1/1992,9/30/1992,3.22
1,10,1992,10,31,10/1/1992,10/31/1992,10/1/1992,10/30/1992,3.1
1,11,1992,11,30,11/1/1992,11/30/1992,11/2/1992,11/30/1992,3.09
1,12,1992,12,31,12/1/1992,12/31/1992,12/1/1992,12/31/1992,2.92
1,1,1993,1,31,1/1/1993,1/31/1993,1/1/1993,1/29/1993,3.02
1,2,1993,2,28,2/1/1993,2/28/1993,2/1/1993,2/26/1993,3.03
1,3,1993,3,31,3/1/1993,3/31/1993,3/1/1993,3/31/1993,3.07
1,4,1993,4,30,4/1/1993,4/30/1993,4/1/1993,4/30/1993,2.96
1,5,1993,5,31,5/1/1993,5/31/1993,5/3/1993,5/31/1993,3
1,6,1993,6,30,6/1/1993,6/30/1993,6/1/1993,6/30/1993,3.04
1,7,1993,7,31,7/1/1993,7/31/1993,7/1/1993,7/30/1993,3.06
1,8,1993,8,31,8/1/1993,8/31/1993,8/2/1993,8/31/1993,3.03
1,9,1993,9,30,9/1/1993,9/30/1993,9/1/1993,9/30/1993,3.09
1,10,1993,10,31,10/1/1993,10/31/1993,10/1/1993,10/29/1993,2.99
1,11,1993,11,30,11/1/1993,11/30/1993,11/1/1993,11/30/1993,3.02
1,12,1993,12,31,12/1/1993,12/31/1993,12/1/1993,12/31/1993,2.96
1,1,1994,1,31,1/1/1994,1/31/1994,1/3/1994,1/31/1994,3.05
1,2,1994,2,28,2/1/1994,2/28/1994,2/1/1994,2/28/1994,3.25
1,3,1994,3,31,3/1/1994,3/31/1994,3/1/1994,3/31/1994,3.34
1,4,1994,4,30,4/1/1994,4/30/1994,4/1/1994,4/29/1994,3.56
1,5,1994,5,31,5/1/1994,5/31/1994,5/2/1994,5/31/1994,4.01
1,6,1994,6,30,6/1/1994,6/30/1994,6/1/1994,6/30/1994,4.25
1,7,1994,7,31,7/1/1994,7/31/1994,7/1/1994,7/29/1994,4.26
1,8,1994,8,31,8/1/1994,8/31/1994,8/1/1994,8/31/1994,4.47
1,9,1994,9,30,9/1/1994,9/30/1994,9/1/1994,9/30/1994,4.73
1,10,1994,10,31,10/1/1994,10/31/1994,10/3/1994,10/31/1994,4.76
1,11,1994,11,30,11/1/1994,11/30/1994,11/1/1994,11/30/1994,5.29
1,12,1994,12,31,12/1/1994,12/31/1994,12/1/1994,12/30/1994,5.45
1,1,1995,1,31,1/1/1995,1/31/1995,1/2/1995,1/31/1995,5.53
1,2,1995,2,28,2/1/1995,2/28/1995,2/1/1995,2/28/1995,5.92
1,3,1995,3,31,3/1/1995,3/31/1995,3/1/1995,3/31/1995,5.98
1,4,1995,4,30,4/1/1995,4/30/1995,4/3/1995,4/28/1995,6.05
1,5,1995,5,31,5/1/1995,5/31/1995,5/1/1995,5/31/1995,6.01
1,6,1995,6,30,6/1/1995,6/30/1995,6/1/1995,6/30/1995,6
1,7,1995,7,31,7/1/1995,7/31/1995,7/3/1995,7/31/1995,5.85
1,8,1995,8,31,8/1/1995,8/31/1995,8/1/1995,8/31/1995,5.74
1,9,1995,9,30,9/1/1995,9/30/1995,9/1/1995,9/29/1995,5.8
1,10,1995,10,31,10/1/1995,10/31/1995,10/2/1995,10/31/1995,5.76
1,11,1995,11,30,11/1/1995,11/30/1995,11/1/1995,11/30/1995,5.8
1,12,1995,12,31,12/1/1995,12/31/1995,12/1/1995,12/29/1995,5.6
1,1,1996,1,31,1/1/1996,1/31/1996,1/1/1996,1/31/1996,5.56
1,2,1996,2,29,2/1/1996,2/29/1996,2/1/1996,2/29/1996,5.22
1,3,1996,3,31,3/1/1996,3/31/1996,3/1/1996,3/29/1996,5.31
1,4,1996,4,30,4/1/1996,4/30/1996,4/1/1996,4/30/1996,5.22
1,5,1996,5,31,5/1/1996,5/31/1996,5/1/1996,5/31/1996,5.24
1,6,1996,6,30,6/1/1996,6/30/1996,6/3/1996,6/28/1996,5.27
1,7,1996,7,31,7/1/1996,7/31/1996,7/1/1996,7/31/1996,5.4
1,8,1996,8,31,8/1/1996,8/31/1996,8/1/1996,8/30/1996,5.22
1,9,1996,9,30,9/1/1996,9/30/1996,9/2/1996,9/30/1996,5.3
1,10,1996,10,31,10/1/1996,10/31/1996,10/1/1996,10/31/1996,5.24
1,11,1996,11,30,11/1/1996,11/30/1996,11/1/1996,11/29/1996,5.31
1,12,1996,12,31,12/1/1996,12/31/1996,12/2/1996,12/31/1996,5.29
1,1,1997,1,31,1/1/1997,1/31/1997,1/1/1997,1/31/1997,5.25
1,2,1997,2,28,2/1/1997,2/28/1997,2/3/1997,2/28/1997,5.19
1,3,1997,3,31,3/1/1997,3/31/1997,3/3/1997,3/31/1997,5.39
1,4,1997,4,30,4/1/1997,4/30/1997,4/1/1997,4/30/1997,5.51
1,5,1997,5,31,5/1/1997,5/31/1997,5/1/1997,5/30/1997,5.5
1,6,1997,6,30,6/1/1997,6/30/1997,6/2/1997,6/30/1997,5.56
1,7,1997,7,31,7/1/1997,7/31/1997,7/1/1997,7/31/1997,5.52
1,8,1997,8,31,8/1/1997,8/31/1997,8/1/1997,8/29/1997,5.54
1,9,1997,9,30,9/1/1997,9/30/1997,9/1/1997,9/30/1997,5.54
1,10,1997,10,31,10/1/1997,10/31/1997,10/1/1997,10/31/1997,5.5
1,11,1997,11,30,11/1/1997,11/30/1997,11/3/1997,11/28/1997,5.52
1,12,1997,12,31,12/1/1997,12/31/1997,12/1/1997,12/31/1997,5.5
1,1,1998,1,31,1/1/1998,1/31/1998,1/1/1998,1/30/1998,5.56
1,2,1998,2,28,2/1/1998,2/28/1998,2/2/1998,2/27/1998,5.51
1,3,1998,3,31,3/1/1998,3/31/1998,3/2/1998,3/31/1998,5.49
1,4,1998,4,30,4/1/1998,4/30/1998,4/1/1998,4/30/1998,5.45
1,5,1998,5,31,5/1/1998,5/31/1998,5/1/1998,5/29/1998,5.49
1,6,1998,6,30,6/1/1998,6/30/1998,6/1/1998,6/30/1998,5.56
1,7,1998,7,31,7/1/1998,7/31/1998,7/1/1998,7/31/1998,5.54
1,8,1998,8,31,8/1/1998,8/31/1998,8/3/1998,8/31/1998,5.55
1,9,1998,9,30,9/1/1998,9/30/1998,9/1/1998,9/30/1998,5.51
1,10,1998,10,31,10/1/1998,10/31/1998,10/1/1998,10/30/1998,5.07
1,11,1998,11,30,11/1/1998,11/30/1998,11/2/1998,11/30/1998,4.83
1,12,1998,12,31,12/1/1998,12/31/1998,12/1/1998,12/31/1998,4.68
1,1,1999,1,31,1/1/1999,1/31/1999,1/1/1999,1/29/1999,4.63
1,2,1999,2,28,2/1/1999,2/28/1999,2/1/1999,2/26/1999,4.76
1,3,1999,3,31,3/1/1999,3/31/1999,3/1/1999,3/31/1999,4.81
1,4,1999,4,30,4/1/1999,4/30/1999,4/1/1999,4/30/1999,4.74
1,5,1999,5,31,5/1/1999,5/31/1999,5/3/1999,5/31/1999,4.74
1,6,1999,6,30,6/1/1999,6/30/1999,6/1/1999,6/30/1999,4.76
1,7,1999,7,31,7/1/1999,7/31/1999,7/1/1999,7/30/1999,4.99
1,8,1999,8,31,8/1/1999,8/31/1999,8/2/1999,8/31/1999,5.07
1,9,1999,9,30,9/1/1999,9/30/1999,9/1/1999,9/30/1999,5.22
1,10,1999,10,31,10/1/1999,10/31/1999,10/1/1999,10/29/1999,5.2
1,11,1999,11,30,11/1/1999,11/30/1999,11/1/1999,11/30/1999,5.42
1,12,1999,12,31,12/1/1999,12/31/1999,12/1/1999,12/31/1999,5.3
1,1,2000,1,31,1/1/2000,1/31/2000,1/3/2000,1/31/2000,5.45
1,2,2000,2,29,2/1/2000,2/29/2000,2/1/2000,2/29/2000,5.73
1,3,2000,3,31,3/1/2000,3/31/2000,3/1/2000,3/31/2000,5.85
1,4,2000,4,30,4/1/2000,4/30/2000,4/3/2000,4/28/2000,6.02
1,5,2000,5,31,5/1/2000,5/31/2000,5/1/2000,5/31/2000,6.27
1,6,2000,6,30,6/1/2000,6/30/2000,6/1/2000,6/30/2000,6.53
1,7,2000,7,31,7/1/2000,7/31/2000,7/3/2000,7/31/2000,6.54
1,8,2000,8,31,8/1/2000,8/31/2000,8/1/2000,8/31/2000,6.5
1,9,2000,9,30,9/1/2000,9/30/2000,9/1/2000,9/29/2000,6.52
1,10,2000,10,31,10/1/2000,10/31/2000,10/2/2000,10/31/2000,6.51
1,11,2000,11,30,11/1/2000,11/30/2000,11/1/2000,11/30/2000,6.51
1,12,2000,12,31,12/1/2000,12/31/2000,12/1/2000,12/29/2000,6.4
1,1,2001,1,31,1/1/2001,1/31/2001,1/1/2001,1/31/2001,5.98
1,2,2001,2,28,2/1/2001,2/28/2001,2/1/2001,2/28/2001,5.49
1,3,2001,3,31,3/1/2001,3/31/2001,3/1/2001,3/30/2001,5.31
1,4,2001,4,30,4/1/2001,4/30/2001,4/2/2001,4/30/2001,4.8
1,5,2001,5,31,5/1/2001,5/31/2001,5/1/2001,5/31/2001,4.21
1,6,2001,6,30,6/1/2001,6/30/2001,6/1/2001,6/29/2001,3.97
1,7,2001,7,31,7/1/2001,7/31/2001,7/2/2001,7/31/2001,3.77
1,8,2001,8,31,8/1/2001,8/31/2001,8/1/2001,8/31/2001,3.65
1,9,2001,9,30,9/1/2001,9/30/2001,9/3/2001,9/28/2001,3.07
1,10,2001,10,31,10/1/2001,10/31/2001,10/1/2001,10/31/2001,2.49
1,11,2001,11,30,11/1/2001,11/30/2001,11/1/2001,11/30/2001,2.09
1,12,2001,12,31,12/1/2001,12/31/2001,12/3/2001,12/31/2001,1.82
1,1,2002,1,31,1/1/2002,1/31/2002,1/1/2002,1/31/2002,1.73
1,2,2002,2,28,2/1/2002,2/28/2002,2/1/2002,2/28/2002,1.74
1,3,2002,3,31,3/1/2002,3/31/2002,3/1/2002,3/29/2002,1.73
1,4,2002,4,30,4/1/2002,4/30/2002,4/1/2002,4/30/2002,1.75
1,5,2002,5,31,5/1/2002,5/31/2002,5/1/2002,5/31/2002,1.75
1,6,2002,6,30,6/1/2002,6/30/2002,6/3/2002,6/28/2002,1.75
1,7,2002,7,31,7/1/2002,7/31/2002,7/1/2002,7/31/2002,1.73
1,8,2002,8,31,8/1/2002,8/31/2002,8/1/2002,8/30/2002,1.74
1,9,2002,9,30,9/1/2002,9/30/2002,9/2/2002,9/30/2002,1.75
1,10,2002,10,31,10/1/2002,10/31/2002,10/1/2002,10/31/2002,1.75
1,11,2002,11,30,11/1/2002,11/30/2002,11/1/2002,11/29/2002,1.34
1,12,2002,12,31,12/1/2002,12/31/2002,12/2/2002,12/31/2002,1.24
1,1,2003,1,31,1/1/2003,1/31/2003,1/1/2003,1/31/2003,1.24
1,2,2003,2,28,2/1/2003,2/28/2003,2/3/2003,2/28/2003,1.26
1,3,2003,3,31,3/1/2003,3/31/2003,3/3/2003,3/31/2003,1.25
1,4,2003,4,30,4/1/2003,4/30/2003,4/1/2003,4/30/2003,1.26
1,5,2003,5,31,5/1/2003,5/31/2003,5/1/2003,5/30/2003,1.26
1,6,2003,6,30,6/1/2003,6/30/2003,6/2/2003,6/30/2003,1.22
1,7,2003,7,31,7/1/2003,7/31/2003,7/1/2003,7/31/2003,1.01
1,8,2003,8,31,8/1/2003,8/31/2003,8/1/2003,8/29/2003,1.03
1,9,2003,9,30,9/1/2003,9/30/2003,9/1/2003,9/30/2003,1.01
1,10,2003,10,31,10/1/2003,10/31/2003,10/1/2003,10/31/2003,1.01
1,11,2003,11,30,11/1/2003,11/30/2003,11/3/2003,11/28/2003,1
1,12,2003,12,31,12/1/2003,12/31/2003,12/1/2003,12/31/2003,0.98
1,1,2004,1,31,1/1/2004,1/31/2004,1/1/2004,1/30/2004,1
1,2,2004,2,29,2/1/2004,2/29/2004,2/2/2004,2/27/2004,1.01
1,3,2004,3,31,3/1/2004,3/31/2004,3/1/2004,3/31/2004,1
1,4,2004,4,30,4/1/2004,4/30/2004,4/1/2004,4/30/2004,1
1,5,2004,5,31,5/1/2004,5/31/2004,5/3/2004,5/31/2004,1
1,6,2004,6,30,6/1/2004,6/30/2004,6/1/2004,6/30/2004,1.03
1,7,2004,7,31,7/1/2004,7/31/2004,7/1/2004,7/30/2004,1.26
1,8,2004,8,31,8/1/2004,8/31/2004,8/2/2004,8/31/2004,1.43
1,9,2004,9,30,9/1/2004,9/30/2004,9/1/2004,9/30/2004,1.61
1,10,2004,10,31,10/1/2004,10/31/2004,10/1/2004,10/29/2004,1.76
1,11,2004,11,30,11/1/2004,11/30/2004,11/1/2004,11/30/2004,1.93
1,12,2004,12,31,12/1/2004,12/31/2004,12/1/2004,12/31/2004,2.16
1,1,2005,1,31,1/1/2005,1/31/2005,1/3/2005,1/31/2005,2.28
1,2,2005,2,28,2/1/2005,2/28/2005,2/1/2005,2/28/2005,2.5
1,3,2005,3,31,3/1/2005,3/31/2005,3/1/2005,3/31/2005,2.63
1,4,2005,4,30,4/1/2005,4/30/2005,4/1/2005,4/29/2005,2.79
1,5,2005,5,31,5/1/2005,5/31/2005,5/2/2005,5/31/2005,3
1,6,2005,6,30,6/1/2005,6/30/2005,6/1/2005,6/30/2005,3.04
1,7,2005,7,31,7/1/2005,7/31/2005,7/1/2005,7/29/2005,3.26
1,8,2005,8,31,8/1/2005,8/31/2005,8/1/2005,8/31/2005,3.5
1,9,2005,9,30,9/1/2005,9/30/2005,9/1/2005,9/30/2005,3.62
1,10,2005,10,31,10/1/2005,10/31/2005,10/3/2005,10/31/2005,3.78
1,11,2005,11,30,11/1/2005,11/30/2005,11/1/2005,11/30/2005,4
1,12,2005,12,31,12/1/2005,12/31/2005,12/1/2005,12/30/2005,4.16
1,1,2006,1,31,1/1/2006,1/31/2006,1/2/2006,1/31/2006,4.29
1,2,2006,2,28,2/1/2006,2/28/2006,2/1/2006,2/28/2006,4.49
1,3,2006,3,31,3/1/2006,3/31/2006,3/1/2006,3/31/2006,4.59
1,4,2006,4,30,4/1/2006,4/30/2006,4/3/2006,4/28/2006,4.79
1,5,2006,5,31,5/1/2006,5/31/2006,5/1/2006,5/31/2006,4.94
1,6,2006,6,30,6/1/2006,6/30/2006,6/1/2006,6/30/2006,4.99
1,7,2006,7,31,7/1/2006,7/31/2006,7/3/2006,7/31/2006,5.24
1,8,2006,8,31,8/1/2006,8/31/2006,8/1/2006,8/31/2006,5.25
1,9,2006,9,30,9/1/2006,9/30/2006,9/1/2006,9/29/2006,5.25
1,10,2006,10,31,10/1/2006,10/31/2006,10/2/2006,10/31/2006,5.25
1,11,2006,11,30,11/1/2006,11/30/2006,11/1/2006,11/30/2006,5.25
1,12,2006,12,31,12/1/2006,12/31/2006,12/1/2006,12/29/2006,5.24
1,1,2007,1,31,1/1/2007,1/31/2007,1/1/2007,1/31/2007,5.25
1,2,2007,2,28,2/1/2007,2/28/2007,2/1/2007,2/28/2007,5.26
1,3,2007,3,31,3/1/2007,3/31/2007,3/1/2007,3/30/2007,5.26
1,4,2007,4,30,4/1/2007,4/30/2007,4/2/2007,4/30/2007,5.25
1,5,2007,5,31,5/1/2007,5/31/2007,5/1/2007,5/31/2007,5.25
1,6,2007,6,30,6/1/2007,6/30/2007,6/1/2007,6/29/2007,5.25
1,7,2007,7,31,7/1/2007,7/31/2007,7/2/2007,7/31/2007,5.26
1,8,2007,8,31,8/1/2007,8/31/2007,8/1/2007,8/31/2007,5.02
1,9,2007,9,30,9/1/2007,9/30/2007,9/3/2007,9/28/2007,4.94
1,10,2007,10,31,10/1/2007,10/31/2007,10/1/2007,10/31/2007,4.76
1,11,2007,11,30,11/1/2007,11/30/2007,11/1/2007,11/30/2007,4.49
1,12,2007,12,31,12/1/2007,12/31/2007,12/3/2007,12/31/2007,4.24
1,1,2008,1,31,1/1/2008,1/31/2008,1/1/2008,1/31/2008,3.94
1,2,2008,2,29,2/1/2008,2/29/2008,2/1/2008,2/29/2008,2.98
1,3,2008,3,31,3/1/2008,3/31/2008,3/3/2008,3/31/2008,2.61
1,4,2008,4,30,4/1/2008,4/30/2008,4/1/2008,4/30/2008,2.28
1,5,2008,5,31,5/1/2008,5/31/2008,5/1/2008,5/30/2008,1.98
1,6,2008,6,30,6/1/2008,6/30/2008,6/2/2008,6/30/2008,2
1,7,2008,7,31,7/1/2008,7/31/2008,7/1/2008,7/31/2008,2.01
1,8,2008,8,31,8/1/2008,8/31/2008,8/1/2008,8/29/2008,2
1,9,2008,9,30,9/1/2008,9/30/2008,9/1/2008,9/30/2008,1.81
1,10,2008,10,31,10/1/2008,10/31/2008,10/1/2008,10/31/2008,0.97
1,11,2008,11,30,11/1/2008,11/30/2008,11/3/2008,11/28/2008,0.39
1,12,2008,12,31,12/1/2008,12/31/2008,12/1/2008,12/31/2008,0.16
1,1,2009,1,31,1/1/2009,1/31/2009,1/1/2009,1/30/2009,0.15
1,2,2009,2,28,2/1/2009,2/28/2009,2/2/2009,2/27/2009,0.22
1,3,2009,3,31,3/1/2009,3/31/2009,3/2/2009,3/31/2009,0.18
1,4,2009,4,30,4/1/2009,4/30/2009,4/1/2009,4/30/2009,0.15
1,5,2009,5,31,5/1/2009,5/31/2009,5/1/2009,5/29/2009,0.18
1,6,2009,6,30,6/1/2009,6/30/2009,6/1/2009,6/30/2009,0.21
1,7,2009,7,31,7/1/2009,7/31/2009,7/1/2009,7/31/2009,0.16
1,8,2009,8,31,8/1/2009,8/31/2009,8/3/2009,8/31/2009,0.16
1,9,2009,9,30,9/1/2009,9/30/2009,9/1/2009,9/30/2009,0.15
1,10,2009,10,31,10/1/2009,10/31/2009,10/1/2009,10/30/2009,0.12
1,11,2009,11,30,11/1/2009,11/30/2009,11/2/2009,11/30/2009,0.12
1,12,2009,12,31,12/1/2009,12/31/2009,12/1/2009,12/31/2009,0.12
1,1,2010,1,31,1/1/2010,1/31/2010,1/1/2010,1/29/2010,0.11
1,2,2010,2,28,2/1/2010,2/28/2010,2/1/2010,2/26/2010,0.13
1,3,2010,3,31,3/1/2010,3/31/2010,3/1/2010,3/31/2010,0.16
1,4,2010,4,30,4/1/2010,4/30/2010,4/1/2010,4/30/2010,0.2
1,5,2010,5,31,5/1/2010,5/31/2010,5/3/2010,5/31/2010,0.2
1,6,2010,6,30,6/1/2010,6/30/2010,6/1/2010,6/30/2010,0.18
1,7,2010,7,31,7/1/2010,7/31/2010,7/1/2010,7/30/2010,0.18
1,8,2010,8,31,8/1/2010,8/31/2010,8/2/2010,8/31/2010,0.19
1,9,2010,9,30,9/1/2010,9/30/2010,9/1/2010,9/30/2010,0.19
1,10,2010,10,31,10/1/2010,10/31/2010,10/1/2010,10/29/2010,0.19
1,11,2010,11,30,11/1/2010,11/30/2010,11/1/2010,11/30/2010,0.19
1,12,2010,12,31,12/1/2010,12/31/2010,12/1/2010,12/31/2010,0.18
1,1,2011,1,31,1/1/2011,1/31/2011,1/3/2011,1/31/2011,0.17
1,2,2011,2,28,2/1/2011,2/28/2011,2/1/2011,2/28/2011,0.16
1,3,2011,3,31,3/1/2011,3/31/2011,3/1/2011,3/31/2011,0.14
1,4,2011,4,30,4/1/2011,4/30/2011,4/1/2011,4/29/2011,0.1
1,5,2011,5,31,5/1/2011,5/31/2011,5/2/2011,5/31/2011,0.09
1,6,2011,6,30,6/1/2011,6/30/2011,6/1/2011,6/30/2011,0.09
1,7,2011,7,31,7/1/2011,7/31/2011,7/1/2011,7/29/2011,0.07
1,8,2011,8,31,8/1/2011,8/31/2011,8/1/2011,8/31/2011,0.1
1,9,2011,9,30,9/1/2011,9/30/2011,9/1/2011,9/30/2011,0.08
1,10,2011,10,31,10/1/2011,10/31/2011,10/3/2011,10/31/2011,0.07
1,11,2011,11,30,11/1/2011,11/30/2011,11/1/2011,11/30/2011,0.08
1,12,2011,12,31,12/1/2011,12/31/2011,12/1/2011,12/30/2011,0.07
1,1,2012,1,31,1/1/2012,1/31/2012,1/2/2012,1/31/2012,0.08
1,2,2012,2,29,2/1/2012,2/29/2012,2/1/2012,2/29/2012,0.1
1,3,2012,3,31,3/1/2012,3/31/2012,3/1/2012,3/30/2012,0.13
1,4,2012,4,30,4/1/2012,4/30/2012,4/2/2012,4/30/2012,0.14
1,5,2012,5,31,5/1/2012,5/31/2012,5/1/2012,5/31/2012,0.16
1,6,2012,6,30,6/1/2012,6/30/2012,6/1/2012,6/29/2012,0.16
1,7,2012,7,31,7/1/2012,7/31/2012,7/2/2012,7/31/2012,0.16
1,8,2012,8,31,8/1/2012,8/31/2012,8/1/2012,8/31/2012,0.13
1,9,2012,9,30,9/1/2012,9/30/2012,9/3/2012,9/28/2012,0.14
1,10,2012,10,31,10/1/2012,10/31/2012,10/1/2012,10/31/2012,0.16
1,11,2012,11,30,11/1/2012,11/30/2012,11/1/2012,11/30/2012,0.16
1,12,2012,12,31,12/1/2012,12/31/2012,12/3/2012,12/31/2012,0.16
1,1,2013,1,31,1/1/2013,1/31/2013,1/1/2013,1/31/2013,0.14
1,2,2013,2,28,2/1/2013,2/28/2013,2/1/2013,2/28/2013,0.15
1,3,2013,3,31,3/1/2013,3/31/2013,3/1/2013,3/29/2013,0.14
1,4,2013,4,30,4/1/2013,4/30/2013,4/1/2013,4/30/2013,0.15
1,5,2013,5,31,5/1/2013,5/31/2013,5/1/2013,5/31/2013,0.11
1,6,2013,6,30,6/1/2013,6/30/2013,6/3/2013,6/28/2013,0.09
1,7,2013,7,31,7/1/2013,7/31/2013,7/1/2013,7/31/2013,0.09
1,8,2013,8,31,8/1/2013,8/31/2013,8/1/2013,8/30/2013,0.08
1,9,2013,9,30,9/1/2013,9/30/2013,9/2/2013,9/30/2013,0.08
1,10,2013,10,31,10/1/2013,10/31/2013,10/1/2013,10/31/2013,0.09
1,11,2013,11,30,11/1/2013,11/30/2013,11/1/2013,11/29/2013,0.08
1,12,2013,12,31,12/1/2013,12/31/2013,12/2/2013,12/31/2013,0.09
1,1,2014,1,31,1/1/2014,1/31/2014,1/1/2014,1/31/2014,0.07
1,2,2014,2,28,2/1/2014,2/28/2014,2/3/2014,2/28/2014,0.07
1,3,2014,3,31,3/1/2014,3/31/2014,3/3/2014,3/31/2014,0.08
1,4,2014,4,30,4/1/2014,4/30/2014,4/1/2014,4/30/2014,0.09
1,5,2014,5,31,5/1/2014,5/31/2014,5/1/2014,5/30/2014,0.09
1,6,2014,6,30,6/1/2014,6/30/2014,6/2/2014,6/30/2014,0.1
1,7,2014,7,31,7/1/2014,7/31/2014,7/1/2014,7/31/2014,0.09
1,8,2014,8,31,8/1/2014,8/31/2014,8/1/2014,8/29/2014,0.09
1,9,2014,9,30,9/1/2014,9/30/2014,9/1/2014,9/30/2014,0.09
1,10,2014,10,31,10/1/2014,10/31/2014,10/1/2014,10/31/2014,0.09
1,11,2014,11,30,11/1/2014,11/30/2014,11/3/2014,11/28/2014,0.09
1,12,2014,12,31,12/1/2014,12/31/2014,12/1/2014,12/31/2014,0.12
1,1,2015,1,31,1/1/2015,1/31/2015,1/1/2015,1/30/2015,0.11
1,2,2015,2,28,2/1/2015,2/28/2015,2/2/2015,2/27/2015,0.11
1,3,2015,3,31,3/1/2015,3/31/2015,3/2/2015,3/31/2015,0.11
1,4,2015,4,30,4/1/2015,4/30/2015,4/1/2015,4/30/2015,0.12
1,5,2015,5,31,5/1/2015,5/31/2015,5/1/2015,5/29/2015,0.12
1,6,2015,6,30,6/1/2015,6/30/2015,6/1/2015,6/30/2015,0.13
1,7,2015,7,31,7/1/2015,7/31/2015,7/1/2015,7/31/2015,0.13
1,8,2015,8,31,8/1/2015,8/31/2015,8/3/2015,8/31/2015,0.14
1,9,2015,9,30,9/1/2015,9/30/2015,9/1/2015,9/30/2015,0.14
1,10,2015,10,31,10/1/2015,10/31/2015,10/1/2015,10/30/2015,0.12
1,11,2015,11,30,11/1/2015,11/30/2015,11/2/2015,11/30/2015,0.12
1,12,2015,12,31,12/1/2015,12/31/2015,12/1/2015,12/31/2015,0.24
1,1,2016,1,31,1/1/2016,1/31/2016,1/1/2016,1/29/2016,0.34
1,2,2016,2,29,2/1/2016,2/29/2016,2/1/2016,2/29/2016,0.38
1,3,2016,3,31,3/1/2016,3/31/2016,3/1/2016,3/31/2016,0.36
1,4,2016,4,30,4/1/2016,4/30/2016,4/1/2016,4/29/2016,0.37
1,5,2016,5,31,5/1/2016,5/31/2016,5/2/2016,5/31/2016,0.37
1,6,2016,6,30,6/1/2016,6/30/2016,6/1/2016,6/30/2016,0.38
1,7,2016,7,31,7/1/2016,7/31/2016,7/1/2016,7/29/2016,0.39
1,8,2016,8,31,8/1/2016,8/31/2016,8/1/2016,8/31/2016,0.4
1,9,2016,9,30,9/1/2016,9/30/2016,9/1/2016,9/30/2016,0.4
1,10,2016,10,31,10/1/2016,10/31/2016,10/3/2016,10/31/2016,0.4
1,11,2016,11,30,11/1/2016,11/30/2016,11/1/2016,11/30/2016,0.41
1,12,2016,12,31,12/1/2016,12/31/2016,12/1/2016,12/30/2016,0.54
1,1,2017,1,31,1/1/2017,1/31/2017,1/2/2017,1/31/2017,0.65
1,2,2017,2,28,2/1/2017,2/28/2017,2/1/2017,2/28/2017,0.66
1,3,2017,3,31,3/1/2017,3/31/2017,3/1/2017,3/31/2017,0.79
1,4,2017,4,30,4/1/2017,4/30/2017,4/3/2017,4/28/2017,0.9
1,5,2017,5,31,5/1/2017,5/31/2017,5/1/2017,5/31/2017,0.91
1,6,2017,6,30,6/1/2017,6/30/2017,6/1/2017,6/30/2017,1.04
1,7,2017,7,31,7/1/2017,7/31/2017,7/3/2017,7/31/2017,1.15
1,8,2017,8,31,8/1/2017,8/31/2017,8/1/2017,8/31/2017,1.16
1,9,2017,9,30,9/1/2017,9/30/2017,9/1/2017,9/29/2017,1.15
1,10,2017,10,31,10/1/2017,10/31/2017,10/2/2017,10/31/2017,1.15
1,11,2017,11,30,11/1/2017,11/30/2017,11/1/2017,11/30/2017,1.16
1,12,2017,12,31,12/1/2017,12/31/2017,12/1/2017,12/29/2017,1.3
1,1,2018,1,31,1/1/2018,1/31/2018,1/1/2018,1/31/2018,1.41
1,2,2018,2,28,2/1/2018,2/28/2018,2/1/2018,2/28/2018,1.42
1,3,2018,3,31,3/1/2018,3/31/2018,3/1/2018,3/30/2018,1.51
1,4,2018,4,30,4/1/2018,4/30/2018,4/2/2018,4/30/2018,1.69
1,5,2018,5,31,5/1/2018,5/31/2018,5/1/2018,5/31/2018,1.7
1,6,2018,6,30,6/1/2018,6/30/2018,6/1/2018,6/29/2018,1.82
1,7,2018,7,31,7/1/2018,7/31/2018,7/2/2018,7/31/2018,1.91
1,8,2018,8,31,8/1/2018,8/31/2018,8/1/2018,8/31/2018,1.91
1,9,2018,9,30,9/1/2018,9/30/2018,9/3/2018,9/28/2018,1.95
1,10,2018,10,31,10/1/2018,10/31/2018,10/1/2018,10/31/2018,2.19
1,11,2018,11,30,11/1/2018,11/30/2018,11/1/2018,11/30/2018,2.2
1,12,2018,12,31,12/1/2018,12/31/2018,12/3/2018,12/31/2018,2.27
1,1,2019,1,31,1/1/2019,1/31/2019,1/1/2019,1/31/2019,2.4
1,2,2019,2,28,2/1/2019,2/28/2019,2/1/2019,2/28/2019,2.4
1,3,2019,3,31,3/1/2019,3/31/2019,3/1/2019,3/29/2019,2.41
1,4,2019,4,30,4/1/2019,4/30/2019,4/1/2019,4/30/2019,2.42
1,5,2019,5,31,5/1/2019,5/31/2019,5/1/2019,5/31/2019,2.39
1,6,2019,6,30,6/1/2019,6/30/2019,6/3/2019,6/28/2019,2.38
1,7,2019,7,31,7/1/2019,7/31/2019,7/1/2019,7/31/2019,2.4
1,8,2019,8,31,8/1/2019,8/31/2019,8/1/2019,8/30/2019,2.13
1,9,2019,9,30,9/1/2019,9/30/2019,9/2/2019,9/30/2019,2.04
1,10,2019,10,31,10/1/2019,10/31/2019,10/1/2019,10/31/2019,1.83
1,11,2019,11,30,11/1/2019,11/30/2019,11/1/2019,11/29/2019,1.55
1,12,2019,12,31,12/1/2019,12/31/2019,12/2/2019,12/31/2019,1.55
1,1,2020,1,31,1/1/2020,1/31/2020,1/1/2020,1/31/2020,1.55
1,2,2020,2,29,2/1/2020,2/29/2020,2/3/2020,2/28/2020,1.58
1,3,2020,3,31,3/1/2020,3/31/2020,3/2/2020,3/31/2020,0.65
1,4,2020,4,30,4/1/2020,4/30/2020,4/1/2020,4/30/2020,0.05
1,5,2020,5,31,5/1/2020,5/31/2020,5/1/2020,5/29/2020,0.05
1,6,2020,6,30,6/1/2020,6/30/2020,6/1/2020,6/30/2020,0.08
1,7,2020,7,31,7/1/2020,7/31/2020,7/1/2020,7/31/2020,0.09
1,8,2020,8,31,8/1/2020,8/31/2020,8/3/2020,8/31/2020,0.1
1,9,2020,9,30,9/1/2020,9/30/2020,9/1/2020,9/30/2020,0.09
1,10,2020,10,31,10/1/2020,10/31/2020,10/1/2020,10/30/2020,0.09
1,11,2020,11,30,11/1/2020,11/30/2020,11/2/2020,11/30/2020,0.09
